1379817653, 3, 0, 23
1379860938, 2, 0, 238
1379898073, 4, 0, 65
1379954226, 3, 1, 66
1379971697, 1, 2, 565
1379974509, 7, 14, 35
1379976263, 7, 10, 429
1379978620, 4, 6, 1201
1379979282, 6, 2, 65
1379979357, 3, 0, 40
1379993018, 2, 1, 371
1379993589, 5, 2, 96
1379993647, 4, 3, 39
1380034769, 2, 4, 489
1380078530, 2, 3, 173
1380085733, 1, 0, 89
1380087985, 1, 0, 90
1380150313, 3, 0, 227
1380150500, 1, 0, 52
1380152146, 2, 0, 165
1380152371, 1, 0, 29
1380152699, 1, 0, 57
1380152873, 2, 0, 149
1380153088, 2, 0, 107
1380252081, 3, 0, 11
1380373529, 1, 0, 122
1380411370, 2, 0, 23
1380413768, 24, 1, 48
1380519679, 12, 1, 50
1380548972, 8, 4, 86
1380549503, 1, 0, 187
1380554108, 1, 0, 39
1380561852, 5, 5, 88
1380562214, 4, 7, 197
1380562704, 1, 0, 49
1380569170, 1, 0, 58
1380571659, 7, 0, 40
1380577277, 2, 0, 66
1380605300, 1, 0, 65
1380667981, 1, 0, 98
1380668187, 1, 0, 169
1380730405, 4, 1, 275
1380731648, 5, 2, 111
1380816691, 2, 0, 722
1380835337, 9, 4, 41
1380837334, 1, 0, 87
1380837367, 3, 1, 82
1380837497, 3, 0, 55
1380839588, 16, 6, 89
1380866747, 5, 0, 30
1380867140, 2, 1, 8
1380867409, 2, 0, 75
1380867570, 1, 1, 43
1380893968, 46, 2, 43
1380943113, 1, 0, 297
1380944596, 2, 0, 69
1380944867, 1, 0, 639
1380947447, 2, 0, 440
1381154204, 1, 0, 15
1381154632, 1, 0, 1023
1381162741, 5, 0, 192
1381246005, 2, 2, 181
1381247610, 7, 5, 245
1381272355, 4, 2, 104
1381289953, 2, 0, 587
1381348989, 7, 3, 21
1381349129, 1, 0, 22
1381418425, 8, 9, 68
1381418839, 12, 3, 75
1381419161, 4, 0, 32
1381439565, 34, 5, 83
1381446250, 2, 1, 48
1381448012, 1, 0, 98
1381462355, 1, 0, 130
1381468484, 1, 1, 67
1381521469, 2, 2, 269
1381530437, 5, 2, 34
1381546894, 1, 0, 59
1381547031, 1, 0, 107
1381552200, 2, 0, 66
1381552461, 3, 0, 74
1381552965, 3, 0, 104
1381588607, 1, 0, 97
1381588687, 1, 0, 54
1381588806, 2, 0, 56
1381588906, 3, 1, 74
1381599596, 1, 0, 94
1381616317, 2, 1, 81
1381617175, 1, 0, 30
1381635204, 12, 3, 54
1381717406, 3, 0, 29
1381769246, 3, 0, 84
1381871016, 105, 8, 74
1381878433, 5, 6, 93
1381956055, 2, 1, 37
1381956382, 2, 0, 142
1381956472, 1, 0, 16
1382024266, 1, 0, 124
1382027912, 3, 10, 329
1382028910, 3, 5, 209
1382032368, 3, 2, 12
1382040605, 3, 1, 58
1382040816, 4, 1, 109
1382042706, 4, 1, 323
1382193707, 2, 1, 338
1382194453, 1, 0, 57
1382194644, 5, 2, 13
1382195201, 3, 2, 491
1382205837, 2, 0, 6
1382206528, 12, 4, 51
1382219170, 1, 0, 7
1382219179, 1, 0, 7
1382221614, 12, 2, 12
1382228890, 3, 0, 20
1382239958, 1, 0, 172
1382239965, 1, 0, 18
1382249170, 1, 0, 437
1382274959, 2, 0, 213
1382275666, 42, 13, 10
1382318799, 2, 0, 29
1382319038, 2, 0, 58
1382319243, 2, 1, 46
1382371602, 3, 0, 242
1382382150, 2, 0, 98
1382389331, 3, 0, 36
1382389441, 5, 0, 246
1382394495, 2, 0, 91
1382411505, 2, 0, 25
1382411706, 2, 0, 9
1382412229, 1, 0, 27
1382413314, 2, 0, 159
1382417306, 2, 0, 117
1382477716, 1, 0, 58
1382485144, 4, 1, 29
1382584144, 1, 0, 205
1382584281, 1, 0, 59
1382584509, 1, 0, 134
1382627661, 13, 2, 174
1382627838, 17, 7, 71
1382636795, 4, 0, 141
1382642016, 1, 0, 26
1382643880, 17, 3, 34
1382656358, 2, 0, 230
1382676639, 3, 0, 74
1382680105, 2, 0, 107
1382708196, 1, 0, 229
1382713393, 4, 3, 118
1382716569, 3, 0, 40
1382717376, 1, 0, 27
1382717662, 1, 0, 95
1382723518, 8, 0, 12
1382742512, 1, 0, 274
1382743922, 8, 1, 90
1382792022, 1, 0, 156
1382880609, 10, 1, 30
1382880982, 1, 0, 154
1382929396, 7, 1, 59
1383061757, 1, 3, 106
1383077482, 275, 64, 30
1383081933, 7, 3, 72
1383160564, 1, 0, 14
1383161516, 28, 7, 186
1383162842, 4, 1, 40
1383200827, 1, 0, 48
1383254039, 12, 10, 64
1383263542, 2, 0, 5
1383414596, 3, 0, 48
1383575849, 15, 2, 42
1383575908, 3, 1, 96
1383581431, 6, 2, 15
1383582350, 4, 3, 23
1383596732, 24, 2, 355
1383606411, 6, 1, 344
1383668793, 49, 7, 29
1383695042, 1, 0, 38
1383697334, 1, 0, 31
1383697744, 1, 0, 66
1383712240, 3, 0, 59
1383712287, 2, 0, 135
1383714069, 2, 0, 60
1383714235, 1, 0, 269
1383715858, 1, 0, 397
1383754204, 1, 0, 150
1383774153, 3, 1, 355
1383850277, 1, 0, 31
1383861233, 1, 0, 294
1383931411, 1, 0, 30
1383934976, 1, 0, 22
1383935335, 15, 2, 89
1383935438, 3, 1, 14
1383949200, 13, 3, 13
1383949285, 4, 1, 68
1384060724, 4, 2, 119
1384099101, 35, 11, 26
1384142399, 20, 2, 39
1384145736, 1, 0, 74
1384145852, 10, 2, 28
1384153653, 14, 2, 35
1384185545, 3, 0, 33
1384186435, 2, 0, 37
1384203561, 2, 2, 83
1384205543, 1, 0, 76
1384205600, 1, 0, 22
1384205604, 2, 1, 22
1384268411, 32, 3, 32
1384272065, 1, 0, 299
1384272562, 4, 1, 58
1384272785, 1, 0, 22
1384272954, 2, 0, 31
1384278448, 1, 0, 60
1384302869, 1, 0, 106
1384315879, 1, 0, 12
1384358321, 6, 8, 8
1384376687, 3, 0, 195
1384449847, 3, 1, 104
1384471676, 2, 1, 35
1384526448, 2, 0, 94
1384527498, 2, 1, 193
1384527831, 3, 1, 222
1384537952, 8, 4, 66
1384550861, 2, 0, 26
1384554062, 8, 0, 30
1384554437, 1, 1, 63
1384562629, 3, 0, 49
1384562772, 2, 1, 140
1384563133, 1, 0, 37
1384578752, 1, 0, 64
1384610738, 39, 1, 57
1384667992, 1, 0, 26
1384698488, 3, 2, 54
1384760213, 1, 0, 27
1384789954, 2, 0, 55
1384822557, 1, 0, 191
1384877388, 1, 0, 173
1384896969, 63, 11, 52
1384901424, 1, 0, 128
1384901521, 2, 1, 68
1384920216, 1, 0, 19
1385017204, 2, 1, 164
1385073012, 3, 0, 6
1385132091, 4, 1, 53
1385141453, 1, 0, 112
1385179745, 2, 0, 283
1385218004, 1, 0, 23
1385245169, 2, 1, 65
1385255235, 4, 1, 34
1385271537, 17, 6, 417
1385278407, 8, 2, 74
1385360824, 1, 0, 75
1385413939, 1, 1, 27
1385419029, 1, 4, 41
1385439980, 7, 1, 30
1385531808, 2, 0, 549
1385531884, 2, 0, 33
1385532312, 1, 0, 123
1385532388, 1, 0, 77
1385532510, 1, 0, 28
1385534046, 2, 0, 405
1385596499, 130, 41, 25
1385596779, 538, 86, 65
1385597408, 3, 1, 138
1385612429, 1, 0, 83
1385693563, 5, 2, 66
1385735988, 1, 0, 44
1385770602, 1, 0, 53
1385793832, 1, 0, 18
1385794877, 1, 0, 121
1385823471, 5, 0, 59
1385824679, 6, 1, 233
1385825225, 6, 0, 65
1385829264, 5, 0, 36
1385830450, 1, 0, 263
1385830884, 2, 0, 23
1385831078, 1, 0, 159
1385831148, 2, 0, 46
1385831164, 2, 0, 30
1385831272, 2, 0, 42
1385839933, 22, 4, 39
1385840143, 3, 0, 28
1385840624, 2, 0, 100
1385843435, 1, 0, 36
1385848989, 1, 0, 30
1385862248, 1, 0, 57
1385907739, 37, 13, 45
1385909947, 4, 12, 55
1385936238, 1, 0, 72
1385936310, 1, 0, 14
1385995470, 2, 0, 7
1385995478, 1, 0, 7
1385999907, 14, 7, 30
1386000191, 2, 0, 30
1386016698, 2, 1, 29
1386019235, 3, 1, 927
1386020612, 3, 1, 269
1386022970, 1, 0, 268
1386030021, 3, 0, 59
1386030275, 4, 4, 194
1386134621, 57, 13, 82
1386136001, 11, 1, 7
1386168259, 3, 0, 44
1386183647, 93, 27, 852
1386202325, 2, 0, 10
1386202821, 2, 0, 39
1386222626, 7, 2, 216
1386222877, 2, 0, 523
1386258649, 7, 2, 58
1386258742, 2, 0, 14
1386258876, 2, 0, 105
1386260109, 1, 3, 84
1386262852, 1, 2, 486
1386281007, 2, 0, 59
1386283463, 2, 0, 29
1386283752, 56, 20, 77
1386287053, 2, 0, 1180
1386287485, 2, 0, 44
1386288386, 7, 2, 341
1386289093, 1, 0, 7
1386290016, 3, 1, 2575
1386353014, 1, 0, 32
1386362074, 3, 0, 10
1386377148, 1, 0, 58
1386389489, 4, 1, 220
1386425641, 5, 1, 42
1386425763, 8, 1, 31
1386425945, 1, 1, 146
1386426086, 3, 1, 25
1386440605, 4, 2, 288
1386471925, 1, 0, 81
1386511251, 1, 0, 84
1386511500, 3, 1, 82
1386515651, 3, 1, 77
1386530735, 2, 0, 9
1386530742, 2, 0, 7
1386559389, 1, 0, 27
1386559480, 1, 0, 61
1386564323, 1, 0, 18
1386735236, 1, 0, 156
1386735618, 3, 3, 242
1386735989, 1, 0, 35
1386772871, 2, 0, 61
1386801421, 2, 6, 147
1386802427, 1, 0, 143
1386863813, 1, 0, 105
1386865526, 16, 6, 77
1386871172, 2, 0, 688
1386883702, 12, 0, 30
1386893410, 1, 0, 43
1386950960, 3, 0, 182
1386951646, 3, 0, 55
1386959217, 9, 1, 144
1386974529, 2, 0, 127
1387039035, 9, 1, 41
1387039397, 9, 3, 69
1387042134, 1, 0, 39
1387044274, 9, 2, 117
1387044372, 2, 0, 33
1387046138, 4, 1, 235
1387046418, 1, 0, 112
1387056439, 1, 0, 142
1387058665, 3, 0, 320
1387083869, 1, 0, 124
1387083965, 1, 0, 76
1387088014, 1, 0, 173
1387137239, 2, 1, 59
1387143594, 13, 0, 30
1387170126, 1, 0, 28
1387174025, 1, 0, 140
1387224230, 11, 0, 30
1387225551, 1, 1, 25
1387233844, 1, 1, 70
1387234259, 46, 7, 44
1387234491, 7, 0, 15
1387234713, 39, 7, 53
1387259409, 1, 0, 75
1387298019, 1, 0, 144
1387298370, 2, 0, 669
1387302645, 1, 0, 197
1387302752, 1, 0, 7
1387303105, 1, 0, 105
1387305582, 1, 0, 211
1387312224, 23, 3, 30
1387316471, 1, 0, 7
1387382735, 2, 0, 60
1387384964, 1, 0, 49
1387389765, 2, 2, 110
1387405643, 2, 0, 76
1387429624, 1, 0, 29
1387436240, 1, 0, 54
1387464807, 1, 0, 105
1387469463, 6, 2, 21
1387472272, 45, 24, 113
1387554672, 56, 18, 30
1387555280, 4, 1, 22
1387555787, 2, 0, 381
1387555980, 2, 0, 210
1387572854, 2, 1, 79
1387575802, 13, 8, 46
1387637576, 2, 2, 28
1387725996, 1, 0, 30
1387768537, 5, 0, 30
1387809211, 12, 3, 84
1387816036, 2, 0, 176
1387836811, 12, 1, 17
1387904693, 1, 0, 82
1387904818, 2, 0, 30
1387912722, 6, 0, 31
1387924252, 3, 0, 30
1387924367, 2, 6, 15
1387982614, 6, 1, 52
1387983304, 1, 0, 30
1387994792, 2, 1, 93
1388001342, 1, 0, 155
1388018641, 1, 0, 99
1388095734, 7, 0, 117
1388098507, 2, 0, 177
1388098552, 1, 0, 14
1388142145, 3, 1, 44
1388161923, 22, 2, 38
1388167070, 1, 1, 64
1388174612, 1, 1, 57
1388178430, 1, 0, 59
1388184518, 2, 0, 446
1388203583, 1, 0, 198
1388207976, 25, 2, 170
1388244019, 66, 62, 44
1388244185, 257, 42, 114
1388293419, 1, 0, 108
1388326345, 5, 2, 45
1388326424, 1, 0, 68
1388330244, 1, 0, 30
1388330303, 3, 2, 11
1388353476, 2, 1, 39
1388353811, 2, 1, 205
1388354230, 1, 0, 95
1388376006, 1, 0, 134
1388379921, 2, 0, 31
1388379997, 2, 0, 89
1388415361, 1, 0, 15
1388426524, 1, 0, 17
1388439511, 1, 0, 31
1388464673, 1, 0, 316
1388505813, 4, 1, 130
1388514226, 6, 7, 54
1388528571, 5, 3, 193
1388532218, 1, 0, 16
1388613086, 2, 0, 65
1388700523, 4, 1, 369
1388728109, 60, 14, 47
1388765404, 1, 0, 80
1388788076, 5, 0, 39
1388815017, 1, 0, 159
1388815412, 1, 1, 96
1388975344, 1, 0, 66
1388987955, 3, 0, 119
1389109880, 82, 27, 30
1389116552, 1, 0, 176
1389124703, 6, 0, 84
1389124945, 1, 0, 200
1389137691, 67, 19, 131
1389156625, 45, 4, 25
1389193145, 2, 1, 68
1389215524, 1, 1, 115
1389243118, 2, 0, 91
1389243447, 1, 0, 133
1389313227, 12, 1, 75
1389387495, 36, 5, 12
1389400700, 1, 1, 9
1389400911, 2, 1, 130
1389458312, 2, 1, 14
1389576006, 1, 0, 211
1389588903, 1, 0, 24
1389590091, 2, 0, 249
1389595377, 1, 0, 135
1389634621, 6, 1, 671
1389638050, 1, 0, 24
1389644950, 1, 0, 42
1389645162, 1, 0, 190
1389656945, 7, 1, 66
1389744645, 6, 1, 37
1389745926, 3, 0, 84
1389746011, 2, 0, 74
1389797768, 6, 1, 222
1389821049, 104, 15, 111
1389821298, 4, 1, 63
1389830660, 1, 0, 42
1389831685, 59, 12, 24
1389890150, 3, 0, 107
1389919560, 16, 4, 27
1389933195, 1, 0, 50
1389969609, 1, 0, 42
1390000690, 3, 0, 40
1390141222, 2, 0, 108
1390247757, 2, 0, 74
1390250434, 2, 0, 27
1390339521, 4, 1, 30
1390341351, 2, 0, 183
1390342825, 2, 0, 28
1390344345, 1, 0, 34
1390409673, 6, 1, 79
1390422367, 2, 0, 51
1390433366, 2, 4, 22
1390434345, 1, 0, 193
1390434536, 1, 0, 171
1390492623, 2, 0, 79
1390493797, 4, 1, 51
1390499364, 8, 3, 142
1390514154, 1, 0, 217
1390519853, 5, 3, 161
1390520592, 16, 12, 575
1390521255, 148, 31, 529
1390521632, 5, 3, 342
1390521817, 2, 0, 167
1390524298, 3, 1, 495
1390524673, 159, 64, 99
1390524752, 10, 4, 292
1390536834, 2, 1, 8
1390537448, 3, 3, 345
1390537603, 14, 7, 78
1390539951, 2, 1, 54
1390541499, 3, 1, 74
1390542284, 16, 2, 67
1390615153, 3, 1, 203
1390615343, 1, 0, 33
1390625225, 1, 0, 46
1390625430, 1, 0, 332
1390625609, 1, 0, 298
1390659613, 1, 0, 275
1390718830, 1, 0, 60
1390747869, 2, 0, 30
1390782329, 2, 0, 186
1390782421, 1, 0, 145
1390782784, 2, 0, 118
1390799741, 496, 157, 14
1390838454, 4, 1, 81
1390928718, 2, 0, 116
1390944004, 1, 0, 382
1390953287, 1, 0, 32
1391014726, 6, 0, 18
1391015107, 1, 0, 543
1391020524, 1, 0, 19
1391028095, 1, 0, 54
1391029423, 1, 0, 69
1391029840, 1, 0, 118
1391030162, 4, 1, 111
1391030462, 1, 0, 74
1391031807, 1, 0, 92
1391039014, 1, 0, 155
1391042311, 2, 1, 56
1391043162, 4, 1, 96
1391117869, 3, 1, 67
1391118240, 2, 1, 39
1391124646, 1, 2, 120
1391126077, 2, 0, 55
1391127563, 2, 0, 15
1391149442, 1, 0, 120
1391183064, 3, 0, 30
1391183559, 1, 0, 30
1391184032, 2, 0, 506
1391190530, 2, 0, 347
1391203145, 3, 0, 68
1391204992, 6, 3, 60
1391207231, 35, 5, 28
1391211370, 1, 0, 41
1391216111, 5, 1, 75
1391233430, 2, 0, 49
1391233782, 19, 5, 95
1391234353, 5, 0, 99
1391263504, 3, 0, 106
1391287009, 8, 2, 99
1391287105, 7, 5, 53
1391287648, 8, 1, 15
1391288822, 1, 0, 77
1391304411, 5, 0, 109
1391304545, 3, 0, 11
1391315973, 2, 0, 192
1391316573, 2, 0, 419
1391354906, 3, 0, 71
1391355010, 4, 1, 108
1391355102, 3, 1, 46
1391356755, 1, 0, 14
1391356874, 2, 0, 99
1391457458, 6, 0, 62
1391457897, 8, 0, 23
1391488217, 4, 1, 50
1391488775, 1, 0, 32
1391511946, 14, 2, 30
1391529892, 2, 0, 9
1391531333, 1, 0, 197
1391532190, 33, 6, 111
1391534137, 8, 1, 58
1391538952, 1, 0, 499
1391612258, 2, 0, 22
1391626117, 4, 1, 89
1391639125, 1, 1, 50
1391705062, 1, 0, 470
1391705259, 3, 0, 200
1391711677, 162, 19, 547
1391731257, 7, 1, 177
1391731600, 1, 0, 30
1391748264, 1, 0, 391
1391750779, 2, 0, 70
1391752520, 3, 0, 1116
1391753009, 2, 0, 103
1391788894, 1, 0, 40
1391872739, 1, 0, 182
1391926159, 1, 0, 123
1391927060, 10, 2, 578
1391992109, 32, 4, 46
1391992602, 1, 0, 8
1392007413, 6, 2, 96
1392047147, 2, 2, 33
1392077243, 4, 3, 176
1392080162, 2, 0, 67
1392098189, 4, 1, 7
1392098195, 2, 0, 230
1392129825, 2, 0, 71
1392130015, 3, 0, 70
1392138377, 2, 0, 43
1392175883, 1, 0, 110
1392179895, 1, 0, 627
1392243493, 2, 0, 39
1392310764, 3, 0, 467
1392310896, 3, 0, 53
1392322866, 11, 4, 30
1392326396, 1, 0, 196
1392351472, 5, 0, 30
1392354452, 8, 0, 136
1392354668, 5, 1, 113
1392364106, 1, 0, 14
1392394780, 25, 2, 43
1392411917, 16, 4, 30
1392414757, 1, 0, 53
1392415894, 59, 14, 131
1392423786, 1, 5, 30
1392425164, 1, 0, 182
1392425336, 2, 0, 148
1392425477, 3, 0, 88
1392481350, 31, 8, 29
1392502791, 2, 1, 22
1392518932, 2, 6, 7
1392519992, 2, 0, 264
1392520390, 12, 7, 12
1392543066, 1, 0, 43
1392544320, 2, 0, 55
1392567693, 1, 0, 10
1392586706, 27, 8, 42
1392617477, 6, 1, 126
1392617642, 2, 1, 56
1392680918, 1, 0, 68
1392700907, 2, 0, 53
1392754862, 2, 0, 30
1392755008, 1, 0, 62
1392758348, 59, 15, 55
1392759302, 2, 0, 11
1392759644, 1, 0, 61
1392762537, 1, 0, 50
1392782838, 1, 0, 45
1392783123, 1, 0, 57
1392793953, 1, 0, 34
1392821511, 1, 0, 139
1392825627, 1, 0, 175
1392826558, 1, 0, 249
1392827076, 2, 0, 230
1392832491, 1, 0, 385
1392844885, 1, 0, 177
1392853043, 1, 0, 30
1392855587, 82, 13, 70
1392855922, 1, 1, 38
1392907072, 2, 1, 14
1392914302, 4, 1, 34
1392916434, 1, 0, 164
1392927664, 1, 1, 33
1392930608, 1, 0, 85
1392998809, 18, 4, 39
1392999457, 2, 0, 80
1393005984, 2, 1, 417
1393013734, 1, 0, 239
1393101816, 11, 0, 30
1393186229, 7, 1, 68
1393214862, 24, 6, 56
1393215013, 4, 3, 155
1393276401, 2, 0, 89
1393281612, 5, 3, 78
1393281697, 32, 8, 12
1393347515, 1, 0, 16
1393348847, 3, 0, 113
1393362664, 5, 0, 63
1393374871, 4, 2, 49
1393425569, 7, 1, 54
1393431531, 1, 0, 177
1393434157, 9, 2, 30
1393444706, 2, 0, 25
1393455397, 1, 0, 129
1393478152, 3, 0, 430
1393478382, 3, 0, 41
1393478499, 7, 2, 28
1393479523, 1, 0, 300
1393482656, 21, 0, 1078
1393483065, 2, 0, 27
1393483116, 5, 1, 31
1393483273, 16, 2, 55
1393512133, 2, 0, 72
1393516409, 2, 0, 43
1393520620, 5, 1, 25
1393538559, 3, 3, 146
1393541972, 1, 0, 23
1393542258, 1, 0, 239
1393544760, 2, 0, 20
1393545663, 1, 0, 109
1393547720, 7, 3, 42
1393547974, 1, 0, 45
1393556037, 2, 0, 65
1393607725, 10, 0, 52
1393610182, 2, 0, 698
1393618685, 1, 0, 430
1393618795, 2, 0, 117
1393618962, 1, 0, 74
1393646926, 1, 0, 62
1393683419, 4, 1, 38
1393704550, 1, 0, 143
1393705293, 1, 0, 75
1393717170, 2, 0, 24
1393813567, 4, 1, 32
1393813955, 1, 0, 229
1393889493, 6, 0, 159
1393890669, 1, 0, 18
1393891749, 2, 1, 42
1393892150, 1, 1, 87
1393892247, 3, 1, 269
1393909034, 1, 0, 176
1393948539, 16, 9, 636
1393948763, 3, 0, 34
1393952686, 11, 4, 226
1393953346, 6, 2, 100
1393954115, 2, 0, 78
1393956045, 14, 3, 756
1393957464, 4, 0, 75
1393966381, 1, 1, 58
1393966619, 1, 0, 146
1394052455, 1, 0, 196
1394053701, 1, 0, 51
1394054835, 1, 0, 218
1394124048, 14, 1, 30
1394124414, 8, 0, 38
1394124576, 3, 0, 170
1394124732, 3, 1, 74
1394150616, 1, 0, 98
1394152524, 4, 1, 92
1394152595, 2, 1, 73
1394152914, 2, 0, 87
1394170415, 4, 0, 129
1394218763, 7, 1, 45
1394223664, 6, 1, 56
1394223936, 12, 3, 49
1394228612, 3, 0, 59
1394252150, 12, 0, 53
1394338182, 1, 0, 34
1394344775, 2, 1, 16
1394346890, 2, 0, 66
1394393296, 5, 3, 18
1394465864, 1, 0, 111
1394477986, 3, 0, 39
1394478047, 12, 3, 103
1394483019, 1, 0, 185
1394507380, 5, 2, 219
1394510898, 4, 0, 234
1394513948, 4, 0, 22
1394514134, 1, 0, 57
1394515267, 2, 0, 12
1394545515, 132, 19, 146
1394550221, 1, 0, 24
1394573850, 2, 3, 18
1394580744, 2, 0, 98
1394593522, 40, 6, 197
1394594368, 28, 9, 193
1394631843, 1, 0, 459
1394636566, 3, 0, 80
1394637459, 14, 4, 43
1394639559, 1, 0, 43
1394652485, 6, 1, 28
1394657009, 19, 9, 17
1394667563, 1, 0, 25
1394773491, 10, 0, 80
1394804025, 3, 0, 17
1394856822, 8, 0, 9
1394857552, 1, 1, 64
1394857854, 1, 0, 85
1394858826, 1, 0, 34
1394860582, 5, 2, 749
1394888863, 5, 7, 88
1394914698, 3, 2, 190
1394938196, 6, 0, 45
1395010931, 1, 0, 139
1395064110, 1, 0, 226
1395078390, 2, 1, 18
1395078494, 1, 0, 22
1395092874, 1, 0, 7
1395154464, 5, 5, 93
1395155358, 2, 0, 50
1395158571, 21, 9, 168
1395158734, 3, 0, 28
1395160707, 5, 0, 32
1395169116, 1, 0, 15
1395170058, 1, 0, 14
1395171343, 1, 0, 50
1395171473, 3, 1, 23
1395179286, 1, 0, 67
1395269362, 5, 0, 146
1395272506, 1, 0, 28
1395328416, 2, 0, 50
1395336276, 1, 0, 39
1395336394, 1, 8, 41
1395336725, 1, 0, 48
1395337282, 2, 1, 35
1395346436, 1, 0, 63
1395372951, 10, 0, 18
1395409490, 12, 1, 30
1395415641, 10, 1, 221
1395415871, 1, 0, 137
1395416146, 1, 0, 43
1395422260, 2, 1, 73
1395422452, 2, 0, 85
1395425036, 2, 1, 242
1395430445, 2, 0, 234
1395432760, 1, 0, 75
1395441102, 10, 0, 109
1395441194, 1, 0, 99
1395442264, 2, 0, 30
1395442366, 3, 0, 84
1395443211, 1, 0, 734
1395443980, 7, 1, 67
1395444071, 1, 0, 116
1395446096, 3, 0, 20
1395494317, 17, 2, 68
1395503995, 2, 0, 284
1395529661, 1, 0, 141
1395529785, 1, 0, 170
1395529889, 2, 0, 195
1395548044, 3, 1, 37
1395548120, 7, 0, 33
1395582029, 5, 0, 87
1395584670, 3, 0, 22
1395639505, 1, 0, 30
1395687596, 3, 0, 81
1395687941, 3, 0, 30
1395688126, 1, 0, 30
1395700063, 1, 1, 173
1395700630, 2, 0, 4
1395702153, 12, 3, 88
1395755543, 1, 1, 31
1395761529, 3, 0, 96
1395845591, 137, 25, 110
1395846352, 2, 0, 106
1395846545, 28, 5, 77
1395874558, 13, 9, 105
1395932452, 2, 1, 61
1396014724, 1, 0, 290
1396018809, 1, 0, 35
1396101657, 2, 1, 10
1396101846, 1, 0, 224
1396118025, 1, 0, 71
1396118475, 15, 8, 123
1396119290, 1, 0, 190
1396138539, 4, 3, 920
1396148823, 3, 2, 263
1396155484, 9, 3, 115
1396223648, 8, 0, 30
1396287932, 1, 0, 156
1396294990, 1, 0, 115
1396299213, 1, 0, 337
1396301684, 4, 1, 487
1396308922, 4, 0, 74
1396392430, 1, 0, 39
1396416721, 2, 0, 872
1396419299, 72, 15, 105
1396419995, 1, 0, 583
1396450357, 171, 36, 78
1396452553, 70, 16, 54
1396457807, 5, 1, 127
1396467732, 6, 1, 184
1396474693, 4, 0, 134
1396480693, 4, 4, 226
1396502292, 3, 0, 28
1396502621, 25, 5, 149
1396502742, 2, 1, 9
1396558127, 6, 1, 39
1396569209, 1, 0, 410
1396587049, 1, 0, 325
1396587168, 1, 0, 49
1396587984, 4, 1, 61
1396619463, 3, 0, 193
1396623475, 1, 0, 211
1396623862, 2, 0, 21
1396628363, 1, 0, 210
1396632386, 2, 0, 40
1396639634, 2, 0, 48
1396644434, 9, 2, 30
1396648398, 6, 1, 167
1396652361, 2, 1, 91
1396655180, 6, 1, 397
1396655464, 7, 3, 347
1396658382, 3, 3, 99
1396667372, 3, 2, 792
1396667848, 2, 0, 275
1396668589, 1, 0, 193
1396669163, 4, 0, 64
1396740427, 1, 0, 420
1396741214, 2, 1, 48
1396741762, 2, 1, 173
1396742719, 2, 1, 123
1396794632, 2, 0, 75
1396817697, 1, 0, 125
1396840823, 2, 0, 487
1396840964, 1, 0, 486
1396852751, 1, 0, 98
1396964250, 5, 0, 80
1397006825, 2, 0, 63
1397040425, 1, 0, 366
1397040779, 2, 0, 186
1397058560, 2, 0, 2292
1397103230, 3, 0, 129
1397139708, 8, 0, 99
1397161293, 6, 0, 102
1397229269, 3, 1, 25
1397277362, 2, 0, 106
1397277637, 1, 1, 107
1397328172, 1, 0, 90
1397328642, 2, 2, 62
1397328907, 2, 0, 72
1397358796, 1, 0, 39
1397394705, 1, 0, 576
1397423702, 2, 0, 113
1397441837, 6, 3, 121
1397441950, 1, 0, 99
1397509021, 2, 1, 330
1397568812, 1, 0, 22
1397590701, 3, 0, 219
1397590787, 1, 0, 73
1397597168, 11, 1, 378
1397619869, 3, 0, 55
1397627668, 2, 4, 58
1397677043, 1, 0, 124
1397678389, 3, 1, 48
1397711738, 2, 0, 156
1397712905, 1, 0, 228
1397715428, 1, 1, 154
1397756199, 1, 0, 361
1397761107, 2, 0, 237
1397775373, 7, 1, 131
1397775578, 1, 0, 224
1397776846, 1, 0, 64
1397779097, 1, 0, 258
1397783778, 1, 0, 318
1397794120, 1, 0, 473
1397801848, 2, 0, 336
1397829371, 4, 0, 54
1397843491, 12, 4, 353
1397845065, 3, 0, 4038
1397847510, 1, 0, 51
1397852038, 12, 4, 141
1397852278, 2, 4, 93
1397861895, 6, 1, 387
1397936009, 4, 0, 27
1398002904, 1, 1, 44
1398005011, 1, 0, 99
1398023917, 1, 2, 24
1398027406, 4, 2, 63
1398027691, 2, 1, 96
1398056515, 123, 35, 15
1398056685, 7, 3, 51
1398106490, 1, 0, 163
1398109528, 20, 30, 22
1398110133, 2, 7, 197
1398136347, 3, 0, 50
1398173705, 1, 0, 71
1398175073, 5, 10, 91
1398177736, 1, 0, 229
1398213281, 1, 0, 58
1398270448, 2, 0, 127
1398270698, 2, 0, 128
1398284682, 7, 5, 30
1398288037, 9, 4, 519
1398297114, 10, 4, 214
1398376297, 7, 7, 69
1398379013, 3, 0, 201
1398383765, 5, 2, 149
1398402872, 4, 0, 568
1398404271, 2, 1, 141
1398433001, 1, 0, 54
1398457067, 1, 0, 57
1398470114, 1, 0, 29
1398482665, 1, 0, 32
1398484142, 1, 0, 295
1398484418, 1, 0, 35
1398484770, 0, 0, 138
1398485926, 2, 0, 64
1398533482, 1, 0, 61
1398546705, 3, 0, 364
1398547833, 3, 0, 38
1398552152, 2, 0, 202
